{
  "BHLHE40": [
    0.9691917983822286,
    0.38999999999999996,
    0.0,
    0.9
  ],
  "SNAI1": [
    0.9622760618410807,
    0.36,
    0.0,
    0.95
  ],
  "SPI1": [
    0.9616383060424364,
    0.38,
    0.0,
    0.95
  ],
  "EP300": [
    0.9569230812961972,
    0.35,
    0.0,
    0.95
  ],
  "CREB1": [
    0.9631913631019311,
    0.36,
    0.0,
    0.95
  ],
  "ZNF326": [
    0.9602578168910597,
    0.35,
    0.0,
    0.95
  ],
  "DDIT3": [
    0.9606796062196439,
    0.37,
    0.0,
    0.95
  ]
}