{
  "BHLHE40": [
    0.9968621546749322,
    0.2,
    0.0,
    0.3
  ],
  "SNAI1": [
    0.9961546104029367,
    0.22000000000000003,
    0.024474999999999993,
    0.3
  ],
  "SPI1": [
    0.9877849764550652,
    0.27,
    0.0171,
    0.5
  ],
  "EP300": [
    0.9924960750614097,
    0.36000000000000004,
    0.0171,
    0.55
  ],
  "CREB1": [
    0.9968621546749322,
    0.2,
    0.0171,
    0.3
  ],
  "ZNF326": [
    0.9904874356149648,
    0.32,
    0.007600000000000003,
    0.5
  ],
  "DDIT3": [
    0.9909221440567226,
    0.35,
    0.011874999999999997,
    0.5
  ]
}