{
  "spearman_matrix": [
    [
      1.0,
      0.9399568085422724,
      -0.054342340861693636,
      -0.3426444775457791,
      0.048207825800313034,
      -0.30748813402752534,
      -0.15241507694460307,
      -0.10617417784696712
    ],
    [
      0.9399568085422724,
      1.0,
      -0.055498599179943965,
      -0.3274977346039094,
      0.24722073868882954,
      -0.29455073440602936,
      -0.23388144685925788,
      -0.2115961724318469
    ],
    [
      -0.054342340861693636,
      -0.055498599179943965,
      1.0,
      0.5192202971848119,
      0.007445802825832113,
      0.03056903344676134,
      0.12886860093074404,
      0.10023971028158842
    ],
    [
      -0.3426444775457791,
      -0.3274977346039094,
      0.5192202971848119,
      1.0,
      0.013164641710585668,
      0.27448728166749126,
      0.25597976713519066,
      0.20129665534786623
    ],
    [
      0.048207825800313034,
      0.24722073868882954,
      0.007445802825832113,
      0.013164641710585668,
      1.0,
      -0.02512201626888065,
      -0.4460353616494145,
      -0.5542440901377637
    ],
    [
      -0.30748813402752534,
      -0.29455073440602936,
      0.03056903344676134,
      0.27448728166749126,
      -0.02512201626888065,
      1.0,
      0.6687774350070974,
      0.5910913076436523
    ],
    [
      -0.15241507694460307,
      -0.23388144685925788,
      0.12886860093074404,
      0.25597976713519066,
      -0.4460353616494145,
      0.6687774350070974,
      1.0,
      0.9597211683728467
    ],
    [
      -0.10617417784696712,
      -0.2115961724318469,
      0.10023971028158842,
      0.20129665534786623,
      -0.5542440901377637,
      0.5910913076436523,
      0.9597211683728467,
      1.0
    ]
  ],
  "feature_names": [
    "ace_h",
    "ace_d",
    "csd",
    "csd_star",
    "delta_c",
    "wfr",
    "tdi",
    "tdi2"
  ],
  "drop_candidates": [
    "tdi2"
  ],
  "n_traces": 5000
}