{
  "trajectories": [
    {
      "optimizer": "random",
      "best_msd_per_iter": [
        0.058637255939968255,
        0.057663891236315656,
        0.05703819577139833,
        0.056845029866968454,
        0.05663770986455944,
        0.056474201091338196,
        0.05638930076913055,
        0.05631517709865815,
        0.05627251452602836,
        0.05621151687706354,
        0.056201602964686126,
        0.05619327134893034,
        0.05615436221006158,
        0.056101827993940825,
        0.056101720996792656,
        0.056101720519106064,
        0.05608142770450313,
        0.056074373120910265,
        0.056074372168256684,
        0.05607437194454331,
        0.05606731761364746,
        0.05606731761348551,
        0.05606731738968855,
        0.05606731738968855,
        0.056066146878673194,
        0.05604754338986949,
        0.05604754338986949,
        0.05604754338986949,
        0.05604754316615612,
        0.05604754316607776
      ],
      "n_iterations": 30,
      "n_seeds": 20,
      "n_tasks": 7
    },
    {
      "optimizer": "cma_es",
      "best_msd_per_iter": [
        0.058708470648180834,
        0.05870847063808486,
        0.058708470631739396,
        0.058708470630026745,
        0.058708470629846916,
        0.05870847062943278,
        0.05870847062943278,
        0.05870847062943278,
        0.05870847062943278,
        0.05870847062943278,
        0.05870847062943278,
        0.05870847062943278,
        0.058708470628072974,
        0.058708470628072974,
        0.058708470628072974,
        0.058708470628072974,
        0.058708470628072974,
        0.058708470628072974,
        0.058708470628072974,
        0.058708470628072974,
        0.058708470628072974,
        0.058708470628072974,
        0.058708470628072974,
        0.058708470628072974,
        0.058708470628072974,
        0.058708470628072974,
        0.058708470628072974,
        0.058708470628072974,
        0.058708470628072974,
        0.058708470628072974
      ],
      "n_iterations": 30,
      "n_seeds": 20,
      "n_tasks": 7
    },
    {
      "optimizer": "contextual_gp",
      "best_msd_per_iter": [
        0.058637255939968255,
        0.057663891236315656,
        0.05730864367144227,
        0.05730864366337205,
        0.057308643660238294,
        0.05730864366023233,
        0.057308643659513034,
        0.057308643659513034,
        0.057308643659513034,
        0.057299214699514524,
        0.05729759372972106,
        0.05729597237778065,
        0.05729597237778065,
        0.05729597237778065,
        0.05729597237778065,
        0.05729597237778065,
        0.05729597237778065,
        0.05729597237778065,
        0.05728418035495539,
        0.05726276523984666,
        0.057257771277879566,
        0.057252768820801374,
        0.057252768820801374,
        0.057252768820801374,
        0.057252768820801374,
        0.057252768820801374,
        0.057252768820801374,
        0.05724278089686717,
        0.05721400270990276,
        0.057210760770315845
      ],
      "n_iterations": 30,
      "n_seeds": 20,
      "n_tasks": 7
    }
  ]
}