{
  "trajectories": [
    {
      "optimizer": "random",
      "best_msd_per_iter": [
        0.14031902680668132,
        0.10141079814940421,
        0.07871052885969096,
        0.06699254912175501,
        0.03835497431183028,
        0.02853550800908346,
        0.028121399240703414,
        0.018529575710999967,
        0.00930639018125343,
        0.009245363305870473,
        0.00910419957101496,
        0.009021836072802485,
        0.008970670405641134,
        0.00847989347297078,
        0.008416394539180885,
        0.008281291705529974,
        0.007930561723324406,
        0.007928089664917468,
        0.007913284339881987,
        0.007808494459855422,
        0.007720968450568201,
        0.007674733387517651,
        0.00758720737823043,
        0.007499681368943209,
        0.007499681368943209,
        0.007450987760188797,
        0.007309837538036361,
        0.007304906933925559,
        0.0072124503205275355,
        0.0072124503205275355
      ],
      "n_iterations": 30,
      "n_seeds": 20,
      "n_tasks": 8
    },
    {
      "optimizer": "cma_es",
      "best_msd_per_iter": [
        0.01072111353812891,
        0.010000699485475393,
        0.009491922770444606,
        0.009026528187287794,
        0.008778116026701853,
        0.008415039265164669,
        0.008125322645638982,
        0.00806922637436683,
        0.007774592663433414,
        0.007774592663433414,
        0.007687066654146195,
        0.007687066654146195,
        0.007682136050035393,
        0.007638373045391782,
        0.007638373045391782,
        0.007594610040748172,
        0.007545916431993758,
        0.007545916431993758,
        0.007545916431993758,
        0.007545916431993758,
        0.007545916431993758,
        0.007458390422706537,
        0.007370864413419316,
        0.007370864413419316,
        0.007370864413419316,
        0.007370864413419316,
        0.007322170804664904,
        0.007322170804664904,
        0.007322170804664904,
        0.007322170804664904
      ],
      "n_iterations": 30,
      "n_seeds": 20,
      "n_tasks": 8
    },
    {
      "optimizer": "contextual_gp",
      "best_msd_per_iter": [
        0.14031902680668132,
        0.10141079814940421,
        0.009912934986562674,
        0.008824337577049327,
        0.008117919983121242,
        0.0076094018530805775,
        0.007363461750901576,
        0.007227242132859942,
        0.007129854915351117,
        0.007129854915351117,
        0.007129854915351117,
        0.007129854915351117,
        0.007129854915351117,
        0.007129854915351117,
        0.007129854915351117,
        0.007129854915351117,
        0.007129854915351117,
        0.007129854915351117,
        0.007129854915351117,
        0.007129854915351117,
        0.007129854915351117,
        0.007129854915351117,
        0.007129854915351117,
        0.007129854915351117,
        0.007129854915351117,
        0.007129854915351117,
        0.007129854915351117,
        0.007129854915351117,
        0.007129854915351117,
        0.007129854915351117
      ],
      "n_iterations": 30,
      "n_seeds": 20,
      "n_tasks": 8
    }
  ]
}