{
  "trajectories": [
    {
      "optimizer": "random",
      "best_msd_per_iter": [
        0.30466666666666625,
        0.17480555555555552,
        0.13594444444444448,
        0.11525000000000003,
        0.09375000000000004,
        0.08677777777777781,
        0.06930555555555552,
        0.0564722222222222,
        0.04963888888888886,
        0.04147222222222219,
        0.039666666666666635,
        0.03599999999999997,
        0.03016666666666664,
        0.02916666666666664,
        0.025416666666666643,
        0.02291666666666665,
        0.017555555555555553,
        0.017555555555555553,
        0.01586111111111111,
        0.014611111111111113,
        0.014277777777777782,
        0.01416666666666667,
        0.01416666666666667,
        0.01416666666666667,
        0.012555555555555561,
        0.012444444444444452,
        0.00994444444444445,
        0.00894444444444445,
        0.00894444444444445,
        0.006833333333333337
      ],
      "n_iterations": 30,
      "n_seeds": 20,
      "n_tasks": 8
    },
    {
      "optimizer": "cma_es",
      "best_msd_per_iter": [
        0.3105555555555553,
        0.20088888888888898,
        0.13633333333333336,
        0.12833333333333338,
        0.11500000000000002,
        0.10355555555555562,
        0.10288888888888895,
        0.09600000000000009,
        0.0901111111111112,
        0.08388888888888897,
        0.08144444444444451,
        0.07866666666666676,
        0.07766666666666676,
        0.07711111111111121,
        0.07711111111111121,
        0.07611111111111121,
        0.0760000000000001,
        0.07500000000000011,
        0.07500000000000011,
        0.07500000000000011,
        0.07500000000000011,
        0.07500000000000011,
        0.07500000000000011,
        0.07500000000000011,
        0.07500000000000011,
        0.07500000000000011,
        0.07500000000000011,
        0.07500000000000011,
        0.07500000000000011,
        0.07500000000000011
      ],
      "n_iterations": 30,
      "n_seeds": 20,
      "n_tasks": 8
    },
    {
      "optimizer": "contextual_gp",
      "best_msd_per_iter": [
        0.30466666666666625,
        0.17480555555555552,
        0.09394444444444446,
        0.06719444444444449,
        0.0598055555555556,
        0.0598055555555556,
        0.059250000000000046,
        0.05891666666666671,
        0.05016666666666668,
        0.04266666666666667,
        0.032388888888888884,
        0.02863888888888888,
        0.024888888888888877,
        0.02113888888888888,
        0.01613888888888889,
        0.01613888888888889,
        0.01613888888888889,
        0.01613888888888889,
        0.01613888888888889,
        0.014888888888888887,
        0.013638888888888886,
        0.013638888888888886,
        0.013638888888888886,
        0.013638888888888886,
        0.013638888888888886,
        0.009888888888888888,
        0.009888888888888888,
        0.009888888888888888,
        0.009888888888888888,
        0.009888888888888888
      ],
      "n_iterations": 30,
      "n_seeds": 20,
      "n_tasks": 8
    }
  ]
}