probe_to_d_r2_test,probe_to_d_spearman_test,w_ace,w_meanC,w_maxC,w_csd,n_train,n_test
0.1551788025192229,0.35971103084190054,1.2753969606861904,1.0519239999959729,-2.1009482485761715,0.9062768966059302,240,60
