feature,r2,spearman,slope
ace_norm,0.1361698581044729,0.4363501816686852,54.12946637739301
csd,0.040647419250912975,0.1859709552328359,8.22033634466253
lack_of_convergence,0.836066960194496,0.9162412915699063,2.799177322843343
wfr,0.02137297762077628,0.12264002933365926,0.10633844348464384
TDI_full,-0.14129345860802833,0.4531645907176746,nan
