{
  "n_runs_total": 63,
  "n_runs_finite": 39,
  "n_runs_failed": 24,
  "n_unique_tasks": 7,
  "final_msd_mean_ci95": [
    0.19004901006908112,
    0.14078089889543768,
    0.23665978699087314
  ],
  "per_task_msd_mean": {
    "ZNF326": 0.22375771462752822,
    "CREB1": 0.11048683048049601,
    "SNAI1": 0.21169699636786946,
    "EP300": 0.056566388145856385,
    "SPI1": 0.2819295553568972,
    "BHLHE40": 0.16766868582188135,
    "DDIT3": 0.2114955887214269
  },
  "per_task_msd_n_runs": {
    "ZNF326": 6,
    "CREB1": 6,
    "SNAI1": 6,
    "EP300": 3,
    "SPI1": 6,
    "BHLHE40": 6,
    "DDIT3": 6
  },
  "round_depth_distribution": {
    "3": 33,
    "1": 6
  },
  "backbone_usage": {
    "mlp": 21,
    "scgpt_small": 18
  }
}