{
  "n_runs_total": 63,
  "n_runs_finite": 63,
  "n_runs_failed": 0,
  "n_unique_tasks": 7,
  "final_msd_mean_ci95": [
    0.11660084784311193,
    0.08935519247259255,
    0.14601780990350033
  ],
  "per_task_msd_mean": {
    "ZNF326": 0.11528714120520195,
    "CREB1": 0.031439008082841474,
    "SNAI1": 0.10133526969402537,
    "EP300": 0.1416994197183332,
    "SPI1": 0.24996909057527641,
    "BHLHE40": 0.12652286178282807,
    "DDIT3": 0.049953143843277155
  },
  "per_task_msd_n_runs": {
    "ZNF326": 9,
    "CREB1": 9,
    "SNAI1": 9,
    "EP300": 9,
    "SPI1": 9,
    "BHLHE40": 9,
    "DDIT3": 9
  },
  "round_depth_distribution": {
    "3": 48,
    "1": 15
  },
  "backbone_usage": {
    "linear": 21,
    "mlp": 21,
    "scgpt_small": 21
  }
}