{
  "regime": "adamson_real_probes_baseline",
  "probes_path": "/home/mo/projects/Hackathon/ContextualGenticmen/bioFM/projects/perturb-seq-eval/artifacts/real_probes/adamson_probes.json",
  "contexts": {
    "BHLHE40": [
      0.9691917983822286,
      0.38999999999999996,
      0.0,
      0.9
    ],
    "SNAI1": [
      0.9622760618410807,
      0.36,
      0.0,
      0.95
    ],
    "SPI1": [
      0.9616383060424364,
      0.38,
      0.0,
      0.95
    ],
    "EP300": [
      0.9569230812961972,
      0.35,
      0.0,
      0.95
    ],
    "CREB1": [
      0.9631913631019311,
      0.36,
      0.0,
      0.95
    ],
    "ZNF326": [
      0.9602578168910597,
      0.35,
      0.0,
      0.95
    ],
    "DDIT3": [
      0.9606796062196439,
      0.37,
      0.0,
      0.95
    ]
  },
  "n_iterations": 30,
  "n_seeds": 20,
  "n_tasks": 7,
  "per_optimizer": {
    "random": {
      "final_msd_mean": 0.05604754316607776,
      "final_msd_ci95": [
        0.04863915442848187,
        0.06421145024846399
      ],
      "final_regret_mean": 1.2264746855513867e-06,
      "final_regret_ci95": [
        -0.012426458767143732,
        0.013113892543584287
      ],
      "best_msd_per_iter_mean": [
        0.058637255939968276,
        0.057663891236315684,
        0.05703819577139833,
        0.05684502986696846,
        0.05663770986455944,
        0.056474201091338196,
        0.05638930076913055,
        0.05631517709865814,
        0.05627251452602835,
        0.056211516877063515,
        0.056201602964686105,
        0.05619327134893034,
        0.05615436221006158,
        0.05610182799394082,
        0.05610172099679265,
        0.05610172051910606,
        0.056081427704503126,
        0.056074373120910265,
        0.05607437216825669,
        0.056074371944543316,
        0.056067317613647465,
        0.056067317613485525,
        0.056067317389688565,
        0.056067317389688565,
        0.0560661468786732,
        0.05604754338986949,
        0.05604754338986949,
        0.05604754338986949,
        0.05604754316615612,
        0.05604754316607776
      ],
      "cum_regret_per_iter_mean": [
        0.002590939248576053,
        0.005119996253587029,
        0.007744677146538313,
        0.01011255140469931,
        0.01276809362689815,
        0.015335791656105217,
        0.018052393911068932,
        0.020742329263571013,
        0.023327061161154294,
        0.026020418615345854,
        0.02835313716240336,
        0.030860076458059903,
        0.03341351602669048,
        0.03627509186794304,
        0.03888776687442737,
        0.041193395828433434,
        0.04401631236217526,
        0.046625330716376576,
        0.04939855586360103,
        0.0520941474413602,
        0.054601895021507064,
        0.05714407027282755,
        0.05979557023960573,
        0.0620838317002696,
        0.06487605428781944,
        0.0683374771593263,
        0.0708562097603536,
        0.07353645526855364,
        0.07613705317795376,
        0.07852301282958124
      ],
      "per_seed_final_msd": [
        0.07429623308879227,
        0.07429623308879227,
        0.07429623308879227,
        0.07429623308879227,
        0.07429623308879227,
        0.07429623308879227,
        0.07429623308879227,
        0.07429623308879227,
        0.07429623308879227,
        0.07429623308879227,
        0.07429623308879227,
        0.07429623308879227,
        0.07429623308879227,
        0.07429623308879227,
        0.07429623308879227,
        0.07429623308879227,
        0.07429623308879227,
        0.07429623308879227,
        0.07429623308879227,
        0.07429623308879227,
        0.05215193881600248,
        0.05215193881600248,
        0.05215193881600248,
        0.05215193881600248,
        0.05215193881600248,
        0.05215193881600248,
        0.05215193881600248,
        0.05231581034718391,
        0.05215193881600248,
        0.05215193881600248,
        0.05215193881600248,
        0.05215193881600248,
        0.05215193881600248,
        0.05215193881600248,
        0.05215193881600248,
        0.05215193881600248,
        0.05215193881600248,
        0.05215193881600248,
        0.05215193881600248,
        0.05215193881600248,
        0.15984247073916108,
        0.15984795379160915,
        0.15984247075013028,
        0.15984247073916108,
        0.15984247073916108,
        0.15984247073916108,
        0.15984247073916108,
        0.15984247075013028,
        0.15984247073916108,
        0.15984247075013028,
        0.15984247073916108,
        0.15984247073916108,
        0.15984247075013028,
        0.15984247075013028,
        0.15984247073916108,
        0.15984247075013028,
        0.15984247075013028,
        0.15984247073916108,
        0.15984247073916108,
        0.15984247073916108,
        0.03510675681226327,
        0.03510874790520804,
        0.03510675681226327,
        0.03510675681226327,
        0.03510675681226327,
        0.03510675681226327,
        0.03510675681226327,
        0.03510675681226327,
        0.03510675681226327,
        0.03510675681226327,
        0.03510675681226327,
        0.03510675681226327,
        0.03510675681226327,
        0.03510675681226327,
        0.03510675681226327,
        0.03510675681226327,
        0.03510675681226327,
        0.03510675681226327,
        0.03510675681226327,
        0.03510675681226327,
        0.0038783264585282606,
        0.0038783264585282606,
        0.0038783264585282606,
        0.0038783264585282606,
        0.0038783264585282606,
        0.003878357778399978,
        0.0038783264585282606,
        0.0038783264585282606,
        0.0038783264585282606,
        0.0038783264585282606,
        0.003878357778399978,
        0.0038783264585282606,
        0.0038783264585282606,
        0.0038783264585282606,
        0.0038783264585282606,
        0.0038783264585282606,
        0.0038783264585282606,
        0.003878357778399978,
        0.0038783264585282606,
        0.0038783264585282606,
        0.06177397104190798,
        0.06177397104190798,
        0.06177397104190798,
        0.06177397104190798,
        0.06177397104190798,
        0.06177397104190798,
        0.06177397104190798,
        0.06177397104190798,
        0.06177397104190798,
        0.06177397104190798,
        0.06177397104190798,
        0.06177397104190798,
        0.06177397104190798,
        0.06177397104190798,
        0.06177397104190798,
        0.06177397104190798,
        0.06177397104190798,
        0.06177397104190798,
        0.06177397104190798,
        0.06177397104190798,
        0.005274519883090221,
        0.005274519883090221,
        0.005274519883090221,
        0.005274586568840856,
        0.005274519883090221,
        0.005274519883090221,
        0.005274519883090221,
        0.005274586568840856,
        0.005274519883090221,
        0.005274586568840856,
        0.005274519883090221,
        0.005274519883090221,
        0.005274519883090221,
        0.005274586568840856,
        0.005274519883090221,
        0.005274519883090221,
        0.005274519883090221,
        0.005274519883090221,
        0.005274519883090221,
        0.005274519883090221
      ]
    },
    "cma_es": {
      "final_msd_mean": 0.05870847062807302,
      "final_msd_ci95": [
        0.05008482636034809,
        0.0672079244343923
      ],
      "final_regret_mean": 0.002662153936680811,
      "final_regret_ci95": [
        -0.009590003302442878,
        0.015904669766436657
      ],