{
  "spearman_matrix": [
    [
      1.0,
      0.9380092385023097,
      -0.054058068014517006,
      -0.34725367331341833,
      0.05810124252531063,
      -0.3050196417549104,
      -0.1570572767643192,
      -0.1235554283888571
    ],
    [
      0.9380092385023097,
      1.0,
      -0.06306557326639331,
      -0.33229907457476865,
      0.2599445104861276,
      -0.2873562583390646,
      -0.23939721434930358,
      -0.22715873378968346
    ],
    [
      -0.054058068014517006,
      -0.06306557326639331,
      1.0,
      0.5362050905512726,
      -0.034452704613176156,
      0.045148887787221946,
      0.16983656745914186,
      0.1494246928561732
    ],
    [
      -0.34725367331341833,
      -0.33229907457476865,
      0.5362050905512726,
      1.0,
      -0.00623620955905239,
      0.2673556223389056,
      0.27989292547323136,
      0.23240799860199965
    ],
    [
      0.05810124252531063,
      0.2599445104861276,
      -0.034452704613176156,
      -0.00623620955905239,
      1.0,
      -0.02212009303002326,
      -0.4511459462864866,
      -0.5457063854265963
    ],
    [
      -0.3050196417549104,
      -0.2873562583390646,
      0.045148887787221946,
      0.2673556223389056,
      -0.02212009303002326,
      1.0,
      0.6726102661525666,
      0.6044611076152769
    ],
    [
      -0.1570572767643192,
      -0.23939721434930358,
      0.16983656745914186,
      0.27989292547323136,
      -0.4511459462864866,
      0.6726102661525666,
      1.0,
      0.9666535591633898
    ],
    [
      -0.1235554283888571,
      -0.22715873378968346,
      0.1494246928561732,
      0.23240799860199965,
      -0.5457063854265963,
      0.6044611076152769,
      0.9666535591633898,
      1.0
    ]
  ],
  "feature_names": [
    "ace_h",
    "ace_d",
    "csd",
    "csd_star",
    "delta_c",
    "wfr",
    "tdi",
    "tdi2"
  ],
  "drop_candidates": [
    "tdi2"
  ],
  "n_traces": 2000,
  "wall_time_sec": 0.8852676959941164
}