{
  "headlines": {
    "random": {
      "final_best_msd": 0.01733,
      "aulc_sum": 1.34211,
      "msd_at_iter_5": 0.09106,
      "msd_at_iter_10": 0.03772
    },
    "cma_es": {
      "final_best_msd": 0.075,
      "aulc_sum": 2.23378,
      "msd_at_iter_5": 0.12522,
      "msd_at_iter_10": 0.08833
    },
    "contextual_gp": {
      "final_best_msd": 0.01222,
      "aulc_sum": 1.12944,
      "msd_at_iter_5": 0.05956,
      "msd_at_iter_10": 0.04278
    }
  },
  "trajectories": [
    {
      "optimizer": "random",
      "best_msd_per_iter": [
        0.28816666666666674,
        0.1748888888888889,
        0.13750000000000007,
        0.11322222222222221,
        0.09105555555555551,
        0.08299999999999998,
        0.05838888888888887,
        0.05338888888888888,
        0.04322222222222223,
        0.037722222222222226,
        0.03683333333333334,
        0.036500000000000005,
        0.030944444444444455,
        0.030055555555555568,
        0.028055555555555566,
        0.028055555555555566,
        0.01822222222222223,
        0.01822222222222223,
        0.017333333333333336,
        0.017333333333333336
      ]
    },
    {
      "optimizer": "cma_es",
      "best_msd_per_iter": [
        0.3154444444444445,
        0.24588888888888893,
        0.14122222222222225,
        0.13833333333333334,
        0.1252222222222223,
        0.11211111111111113,
        0.11077777777777781,
        0.09722222222222225,
        0.08833333333333335,
        0.08833333333333335,
        0.08366666666666668,
        0.0801111111111111,
        0.0781111111111111,
        0.077,
        0.077,
        0.075,
        0.075,
        0.075,
        0.075,
        0.075
      ]
    },
    {
      "optimizer": "contextual_gp",
      "best_msd_per_iter": [
        0.28816666666666674,
        0.1748888888888889,
        0.09183333333333334,
        0.07144444444444442,
        0.05955555555555554,
        0.05955555555555554,
        0.058444444444444424,
        0.057777777777777754,
        0.04277777777777777,
        0.04277777777777777,
        0.029722222222222223,
        0.029722222222222223,
        0.022222222222222223,
        0.014722222222222227,
        0.014722222222222227,
        0.014722222222222227,
        0.014722222222222227,
        0.014722222222222227,
        0.014722222222222227,
        0.012222222222222223
      ]
    }
  ],
  "contextual_beats_cma_es_aulc": true,
  "contextual_beats_cma_es_final": true,
  "wall_time_sec": 0.52
}