{
  "spearman_matrix": [
    [
      1.0,
      0.9293042612170449,
      0.034122952491809966,
      -0.2869134676538706,
      0.018957099828399313,
      -0.28631557726230905,
      -0.15948342193368772,
      -0.12339102156408625
    ],
    [
      0.9293042612170449,
      1.0,
      0.023595550382201527,
      -0.2581600086400346,
      0.25081780327121306,
      -0.2723631694526778,
      -0.25846730586922345,
      -0.2516209424837699
    ],
    [
      0.034122952491809966,
      0.023595550382201527,
      1.0,
      0.4798247032988132,
      -0.03180233520934084,
      -0.012330289321157284,
      0.12228903315613263,
      0.10134242136968548
    ],
    [
      -0.2869134676538706,
      -0.2581600086400346,
      0.4798247032988132,
      1.0,
      0.03646555386221545,
      0.30386559946239783,
      0.2800071040284161,
      0.2117258709034836
    ],
    [
      0.018957099828399313,
      0.25081780327121306,
      -0.03180233520934084,
      0.03646555386221545,
      1.0,
      -0.013931959727838911,
      -0.4444116016464066,
      -0.5562209448837795
    ],
    [
      -0.28631557726230905,
      -0.2723631694526778,
      -0.012330289321157284,
      0.30386559946239783,
      -0.013931959727838911,
      1.0,
      0.6776457825831304,
      0.6092828531314125
    ],
    [
      -0.15948342193368772,
      -0.25846730586922345,
      0.12228903315613263,
      0.2800071040284161,
      -0.4444116016464066,
      0.6776457825831304,
      1.0,
      0.9662625850503402
    ],
    [
      -0.12339102156408625,
      -0.2516209424837699,
      0.10134242136968548,
      0.2117258709034836,
      -0.5562209448837795,
      0.6092828531314125,
      0.9662625850503402,
      1.0
    ]
  ],
  "feature_names": [
    "ace_h",
    "ace_d",
    "csd",
    "csd_star",
    "delta_c",
    "wfr",
    "tdi",
    "tdi2"
  ],
  "drop_candidates": [
    "tdi2"
  ],
  "n_traces": 500
}