r2_test,coef_ace,coef_meanC,coef_maxC,coef_csd,n_test
0.09185604566910588,0.7163363587949056,0.3934520522298901,-0.44345499582809517,0.062460406225588475,60
